"BLFamilyLatin","BLFamilyEnglish","Order","Predicted.Mean.FO.SD.n","Empirical.Mean.FO.SD.n"
"Scolopacidae","Sandpipers, snipes, phalaropes","Charadriiformes","0.864 ± 0.034 (2)","0.456 ± 0.172 (2)"
"Procellariidae","Petrels, shearwaters","Procellariiformes","0.655 ± 0.194 (81)","0.335 ± 0.284 (63)"
"Diomedeidae","Albatrosses","Procellariiformes","0.607 ± 0.182 (22)","0.168 ± 0.256 (20)"
"Pelecanidae","Pelicans","Pelecaniformes","0.574 ± 0.219 (8)","0.2 ± 0 (1)"
"Laridae","Gulls, terns, skimmers","Charadriiformes","0.547 ± 0.202 (98)","0.122 ± 0.224 (41)"
"Sulidae","Gannets, boobies","Suliformes","0.536 ± 0.154 (10)","0.078 ± 0.093 (6)"
"Hydrobatidae","Northern storm-petrels","Procellariiformes","0.488 ± 0.264 (11)","0.241 ± 0.355 (8)"
"Fregatidae","Frigatebirds","Suliformes","0.484 ± 0.21 (5)","0.087 ± 0.103 (3)"
"Stercorariidae","Skuas","Charadriiformes","0.46 ± 0.298 (7)","0.228 ± 0.169 (6)"
"Phaethontidae","Tropicbirds","Phaethontiformes","0.459 ± 0.188 (3)","0.07 ± 0.059 (2)"
"Oceanitidae","Southern storm-petrels","Procellariiformes","0.374 ± 0.195 (8)","0.246 ± 0.315 (7)"
"Spheniscidae","Penguins","Sphenisciformes","0.333 ± 0.18 (18)","0.021 ± 0.069 (13)"
"Gaviidae","Loons/divers","Gaviiformes","0.294 ± 0.165 (5)","0 ± 0 (3)"
"Anatidae","Ducks, geese, swans","Anseriformes","0.284 ± 0.21 (11)","0.002 ± 0.004 (8)"
"Phalacrocoracidae","Cormorants","Suliformes","0.241 ± 0.14 (33)","0.021 ± 0.037 (9)"
"Alcidae","Auks","Charadriiformes","0.237 ± 0.139 (23)","0.129 ± 0.174 (18)"
